{
  "execPath": "/Users/chappy/.platformio/packages/toolchain-xtensa32/bin/xtensa-esp32-elf-g++",
  "gccDefaultCFlags": "-fsyntax-only -std=gnu99 -Wno-old-style-declaration -Os -g3 -Wall -nostdlib -Wpointer-arith -Wno-error=unused-but-set-variable -Wno-error=unused-variable -mlongcalls -ffunction-sections -fdata-sections -fstrict-volatile-bitfields -Wno-error=deprecated-declarations -Wno-error=unused-function -Wno-unused-parameter -Wno-sign-compare -fstack-protector -fexceptions -Werror=reorder -DPLATFORMIO=50002 -DARDUINO_FEATHER_ESP32 -DESP32 -DESP_PLATFORM -DF_CPU=240000000L -DHAVE_CONFIG_H -DMBEDTLS_CONFIG_FILE=\"mbedtls/esp_config.h\" -DARDUINO=10805 -DARDUINO_ARCH_ESP32 -DARDUINO_VARIANT=\"feather_esp32\" -DARDUINO_BOARD=\"Adafruit\\ ESP32\\ Feather\"",
  "gccDefaultCppFlags": "-fsyntax-only -fno-rtti -fno-exceptions -std=gnu++11 -Os -g3 -Wall -nostdlib -Wpointer-arith -Wno-error=unused-but-set-variable -Wno-error=unused-variable -mlongcalls -ffunction-sections -fdata-sections -fstrict-volatile-bitfields -Wno-error=deprecated-declarations -Wno-error=unused-function -Wno-unused-parameter -Wno-sign-compare -fstack-protector -fexceptions -Werror=reorder -DPLATFORMIO=50002 -DARDUINO_FEATHER_ESP32 -DESP32 -DESP_PLATFORM -DF_CPU=240000000L -DHAVE_CONFIG_H -DMBEDTLS_CONFIG_FILE=\"mbedtls/esp_config.h\" -DARDUINO=10805 -DARDUINO_ARCH_ESP32 -DARDUINO_VARIANT=\"feather_esp32\" -DARDUINO_BOARD=\"Adafruit\\ ESP32\\ Feather\"",
  "gccErrorLimit": 15,
  "gccIncludePaths": "/Users/chappy/Downloads/ES200_ESP32_Mod/include,/Users/chappy/Downloads/ES200_ESP32_Mod/src,/Users/chappy/Downloads/ES200_ESP32_Mod/lib/RemoteXY/src,/Users/chappy/.platformio/packages/framework-arduinoespressif32/libraries/BLE/src,/Users/chappy/Downloads/ES200_ESP32_Mod/lib/FastCRC_ID6497,/Users/chappy/.platformio/packages/framework-arduinoespressif32/tools/sdk/include/config,/Users/chappy/.platformio/packages/framework-arduinoespressif32/tools/sdk/include/app_trace,/Users/chappy/.platformio/packages/framework-arduinoespressif32/tools/sdk/include/app_update,/Users/chappy/.platformio/packages/framework-arduinoespressif32/tools/sdk/include/asio,/Users/chappy/.platformio/packages/framework-arduinoespressif32/tools/sdk/include/bootloader_support,/Users/chappy/.platformio/packages/framework-arduinoespressif32/tools/sdk/include/bt,/Users/chappy/.platformio/packages/framework-arduinoespressif32/tools/sdk/include/coap,/Users/chappy/.platformio/packages/framework-arduinoespressif32/tools/sdk/include/console,/Users/chappy/.platformio/packages/framework-arduinoespressif32/tools/sdk/include/driver,/Users/chappy/.platformio/packages/framework-arduinoespressif32/tools/sdk/include/esp-tls,/Users/chappy/.platformio/packages/framework-arduinoespressif32/tools/sdk/include/esp32,/Users/chappy/.platformio/packages/framework-arduinoespressif32/tools/sdk/include/esp_adc_cal,/Users/chappy/.platformio/packages/framework-arduinoespressif32/tools/sdk/include/esp_event,/Users/chappy/.platformio/packages/framework-arduinoespressif32/tools/sdk/include/esp_http_client,/Users/chappy/.platformio/packages/framework-arduinoespressif32/tools/sdk/include/esp_http_server,/Users/chappy/.platformio/packages/framework-arduinoespressif32/tools/sdk/include/esp_https_ota,/Users/chappy/.platformio/packages/framework-arduinoespressif32/tools/sdk/include/esp_ringbuf,/Users/chappy/.platformio/packages/framework-arduinoespressif32/tools/sdk/include/ethernet,/Users/chappy/.platformio/packages/framework-arduinoespressif32/tools/sdk/include/expat,/Users/chappy/.platformio/packages/framework-arduinoespressif32/tools/sdk/include/fatfs,/Users/chappy/.platformio/packages/framework-arduinoespressif32/tools/sdk/include/freemodbus,/Users/chappy/.platformio/packages/framework-arduinoespressif32/tools/sdk/include/freertos,/Users/chappy/.platformio/packages/framework-arduinoespressif32/tools/sdk/include/heap,/Users/chappy/.platformio/packages/framework-arduinoespressif32/tools/sdk/include/idf_test,/Users/chappy/.platformio/packages/framework-arduinoespressif32/tools/sdk/include/jsmn,/Users/chappy/.platformio/packages/framework-arduinoespressif32/tools/sdk/include/json,/Users/chappy/.platformio/packages/framework-arduinoespressif32/tools/sdk/include/libsodium,/Users/chappy/.platformio/packages/framework-arduinoespressif32/tools/sdk/include/log,/Users/chappy/.platformio/packages/framework-arduinoespressif32/tools/sdk/include/lwip,/Users/chappy/.platformio/packages/framework-arduinoespressif32/tools/sdk/include/mbedtls,/Users/chappy/.platformio/packages/framework-arduinoespressif32/tools/sdk/include/mdns,/Users/chappy/.platformio/packages/framework-arduinoespressif32/tools/sdk/include/micro-ecc,/Users/chappy/.platformio/packages/framework-arduinoespressif32/tools/sdk/include/mqtt,/Users/chappy/.platformio/packages/framework-arduinoespressif32/tools/sdk/include/newlib,/Users/chappy/.platformio/packages/framework-arduinoespressif32/tools/sdk/include/nghttp,/Users/chappy/.platformio/packages/framework-arduinoespressif32/tools/sdk/include/nvs_flash,/Users/chappy/.platformio/packages/framework-arduinoespressif32/tools/sdk/include/openssl,/Users/chappy/.platformio/packages/framework-arduinoespressif32/tools/sdk/include/protobuf-c,/Users/chappy/.platformio/packages/framework-arduinoespressif32/tools/sdk/include/protocomm,/Users/chappy/.platformio/packages/framework-arduinoespressif32/tools/sdk/include/pthread,/Users/chappy/.platformio/packages/framework-arduinoespressif32/tools/sdk/include/sdmmc,/Users/chappy/.platformio/packages/framework-arduinoespressif32/tools/sdk/include/smartconfig_ack,/Users/chappy/.platformio/packages/framework-arduinoespressif32/tools/sdk/include/soc,/Users/chappy/.platformio/packages/framework-arduinoespressif32/tools/sdk/include/spi_flash,/Users/chappy/.platformio/packages/framework-arduinoespressif32/tools/sdk/include/spiffs,/Users/chappy/.platformio/packages/framework-arduinoespressif32/tools/sdk/include/tcp_transport,/Users/chappy/.platformio/packages/framework-arduinoespressif32/tools/sdk/include/tcpip_adapter,/Users/chappy/.platformio/packages/framework-arduinoespressif32/tools/sdk/include/ulp,/Users/chappy/.platformio/packages/framework-arduinoespressif32/tools/sdk/include/vfs,/Users/chappy/.platformio/packages/framework-arduinoespressif32/tools/sdk/include/wear_levelling,/Users/chappy/.platformio/packages/framework-arduinoespressif32/tools/sdk/include/wifi_provisioning,/Users/chappy/.platformio/packages/framework-arduinoespressif32/tools/sdk/include/wpa_supplicant,/Users/chappy/.platformio/packages/framework-arduinoespressif32/tools/sdk/include/xtensa-debug-module,/Users/chappy/.platformio/packages/framework-arduinoespressif32/tools/sdk/include/esp-face,/Users/chappy/.platformio/packages/framework-arduinoespressif32/tools/sdk/include/esp32-camera,/Users/chappy/.platformio/packages/framework-arduinoespressif32/tools/sdk/include/fb_gfx,/Users/chappy/.platformio/packages/framework-arduinoespressif32/cores/esp32,/Users/chappy/.platformio/packages/framework-arduinoespressif32/variants/feather_esp32,/Users/chappy/.platformio/lib/FastCRC_ID6497,/Users/chappy/.platformio/packages/framework-arduinoespressif32/libraries/ArduinoOTA/src,/Users/chappy/.platformio/packages/framework-arduinoespressif32/libraries/AsyncUDP/src,/Users/chappy/.platformio/packages/framework-arduinoespressif32/libraries/AzureIoT/src,/Users/chappy/.platformio/packages/framework-arduinoespressif32/libraries/BluetoothSerial/src,/Users/chappy/.platformio/packages/framework-arduinoespressif32/libraries/DNSServer/src,/Users/chappy/.platformio/packages/framework-arduinoespressif32/libraries/EEPROM/src,/Users/chappy/.platformio/packages/framework-arduinoespressif32/libraries/ESP32/src,/Users/chappy/.platformio/packages/framework-arduinoespressif32/libraries/ESPmDNS/src,/Users/chappy/.platformio/packages/framework-arduinoespressif32/libraries/FFat/src,/Users/chappy/.platformio/packages/framework-arduinoespressif32/libraries/FS/src,/Users/chappy/.platformio/packages/framework-arduinoespressif32/libraries/HTTPClient/src,/Users/chappy/.platformio/packages/framework-arduinoespressif32/libraries/HTTPUpdate/src,/Users/chappy/.platformio/packages/framework-arduinoespressif32/libraries/NetBIOS/src,/Users/chappy/.platformio/packages/framework-arduinoespressif32/libraries/Preferences/src,/Users/chappy/.platformio/packages/framework-arduinoespressif32/libraries/SD/src,/Users/chappy/.platformio/packages/framework-arduinoespressif32/libraries/SD_MMC/src,/Users/chappy/.platformio/packages/framework-arduinoespressif32/libraries/SPI/src,/Users/chappy/.platformio/packages/framework-arduinoespressif32/libraries/SPIFFS/src,/Users/chappy/.platformio/packages/framework-arduinoespressif32/libraries/SimpleBLE/src,/Users/chappy/.platformio/packages/framework-arduinoespressif32/libraries/Ticker/src,/Users/chappy/.platformio/packages/framework-arduinoespressif32/libraries/Update/src,/Users/chappy/.platformio/packages/framework-arduinoespressif32/libraries/WebServer/src,/Users/chappy/.platformio/packages/framework-arduinoespressif32/libraries/WiFi/src,/Users/chappy/.platformio/packages/framework-arduinoespressif32/libraries/WiFiClientSecure/src,/Users/chappy/.platformio/packages/framework-arduinoespressif32/libraries/Wire/src,/Users/chappy/.platformio/packages/toolchain-xtensa32/xtensa-esp32-elf/include/c++/5.2.0,/Users/chappy/.platformio/packages/toolchain-xtensa32/xtensa-esp32-elf/include/c++/5.2.0/xtensa-esp32-elf,/Users/chappy/.platformio/packages/toolchain-xtensa32/lib/gcc/xtensa-esp32-elf/5.2.0/include,/Users/chappy/.platformio/packages/toolchain-xtensa32/lib/gcc/xtensa-esp32-elf/5.2.0/include-fixed,/Users/chappy/.platformio/packages/toolchain-xtensa32/xtensa-esp32-elf/include,/Users/chappy/.platformio/packages/tool-unity",
  "gccSuppressWarnings": false
}
