{
    "name": "FastCRC", 
    "keywords": [
        "crc7", 
        "crc8", 
        "crc16", 
        "crc32"
    ], 
    "description": "Fast CRC routines for Arduino (Teensy 3.x: CRC in hardware)", 
    "repository": {
        "type": "git", 
        "url": "https://github.com/FrankBoesing/FastCRC"
    }, 
    "authors": [
        {
            "email": "f.boesing@gmx.de", 
            "url": "https://github.com/FrankBoesing/FastCRC", 
            "maintainer": true, 
            "name": "Frank B\u00f6sing"
        }
    ], 
    "version": "1.31", 
    "frameworks": [
        "arduino"
    ], 
    "platforms": [
        "atmelavr", 
        "atmelsam", 
        "espressif32", 
        "espressif8266", 
        "infineonxmc", 
        "intel_arc32", 
        "kendryte210", 
        "microchippic32", 
        "nordicnrf51", 
        "nordicnrf52", 
        "ststm32", 
        "ststm8", 
        "teensy", 
        "timsp430"
    ], 
    "id": 6497
}